url,timestamp,post_date,caption,hashtags,likes,comments_count,media_urls,engagement,weekday,hour,num_hashtags
https://www.instagram.com/england/p/DKZ3orQMjJv/,2025-06-04 02:53:00,2025-06-02 15:55:48+00:00,Ready to get going üëç,[],87000,277,"['https://scontent-iad3-1.cdninstagram.com/v/t51.2885-15/503654761_18512407225034393_3184932748766853111_n.jpg?stp=dst-jpegr_e35_tt6&efg=eyJ2ZW5jb2RlX3RhZyI6IkZFRUQuaW1hZ2VfdXJsZ2VuLjE0NDB4MTkyMC5oZHIuZjc1NzYxLmRlZmF1bHRfaW1hZ2UifQ&_nc_ht=scontent-iad3-1.cdninstagram.com&_nc_cat=1&_nc_oc=Q6cZ2QFfBL346HzqQ4a0RtYs4igdPToL5sJ5Euq9ujE72BJfxPiMRU0yO6w-ffeXjWvzQtNa3nYKzjmr_BWapYYVvJXs&_nc_ohc=q4Ltq1FNUy8Q7kNvwG1M6dK&_nc_gid=4OnmNhvsaUWoO7ffM8ihwA&edm=ALQROFkBAAAA&ccb=7-5&ig_cache_key=MzY0NjE5MDA2MTExMjkzMDkyNw%3D%3D.3-ccb7-5&oh=00_AfLWoek-jD0xW8Bto4v3nDX1kPlwDk93VK2FS5hjSqA64A&oe=6845D1E6&_nc_sid=fc8dfb', 'https://media1.giphy.com/media/v1.Y2lkPTA1NzQyMTNjdHMwbGhiNnRzeDM3cG9rbDM2aXU3NzBlOTVuODNmb2pzNHJhYzNzciZlcD12MV9naWZzJmN0PWc/LpUb83fZPV8X68fzGl/200.gif', 'https://media0.giphy.com/media/v1.Y2lkPTA1NzQyMTNjcmR5dmw5aDEydndrZWxoZmVjZDBmdHV5YXppcTRub3ZvNGc2MWc2ciZlcD12MV9naWZzJmN0PWc/huAqJiUKwDATm/200.gif']",87277,Monday,15,0
https://www.instagram.com/chelseafc/p/DKcTO9OstYc/,2025-06-04 02:53:04,2025-06-03 14:35:26+00:00,On duty ahead of Spain‚Äôs upcoming UEFA Nations League semi-final against France. üá™üá∏üôå,[],61000,207,['https://scontent-iad3-1.cdninstagram.com/v/t51.2885-15/503584169_18517746286021107_6066548155007434896_n.jpg?stp=dst-jpg_e35_tt6&efg=eyJ2ZW5jb2RlX3RhZyI6IkZFRUQuaW1hZ2VfdXJsZ2VuLjE0NDB4MTc5Ni5zZHIuZjc1NzYxLmRlZmF1bHRfaW1hZ2UifQ&_nc_ht=scontent-iad3-1.cdninstagram.com&_nc_cat=1&_nc_oc=Q6cZ2QHsUthlnV7QdoDeLSZ4DsYqNtQSboyFmyZT6h9BGs1hvwUIv__mVmU8hc4UT4XSEvXmuyr9bQnCX71g33QusELA&_nc_ohc=XNriRc0pppUQ7kNvwFPJDWr&_nc_gid=6RlygUzilY_XB-X-AQcL1w&edm=ALQROFkBAAAA&ccb=7-5&ig_cache_key=MzY0Njg3NDM4ODk2NDQ5NjkyNA%3D%3D.3-ccb7-5&oh=00_AfLGQTtV3EOFnIxWDFoW23Q7QKHtdAHfY8yWRXgGcFgdEg&oe=6845BE4D&_nc_sid=fc8dfb'],61207,Tuesday,14,0
https://www.instagram.com/chelseafc/p/DKd5ra8Mgh1/,2025-06-04 02:53:08,2025-06-04 05:30:00+00:00,Eden Hazard signed for Chelsea #OnThisDay in 2012. üíô‚ú®,['#OnThisDay'],53000,427,"['https://scontent-iad3-1.cdninstagram.com/v/t51.2885-15/503389911_18517730095021107_1223612432798081595_n.jpg?stp=dst-jpg_e35_tt6&efg=eyJ2ZW5jb2RlX3RhZyI6IkNBUk9VU0VMX0lURU0uaW1hZ2VfdXJsZ2VuLjE0NDB4MTc5NS5zZHIuZjc1NzYxLmRlZmF1bHRfaW1hZ2UifQ&_nc_ht=scontent-iad3-1.cdninstagram.com&_nc_cat=1&_nc_oc=Q6cZ2QF2b0VBGUn_j9HZ6t-KCpVuoiCg4Zq-tOJP8MI73VQgoPlRcVBV_iE-eOyarRzjEK9aP4077dOh1eMfoCBsf-Rv&_nc_ohc=b-Alh7najqYQ7kNvwH7bpEs&_nc_gid=6A6RIBFKIoAWDrQuPW07uw&edm=ALQROFkBAAAA&ccb=7-5&ig_cache_key=MzY0NjgyNzE1MzQ3NjEwMDkwMw%3D%3D.3-ccb7-5&oh=00_AfJO9pjoMHmjCmtHtkDPTbA-FajZDhNEwf0mRFNSzsE5jQ&oe=6845C17E&_nc_sid=fc8dfb', 'https://scontent-iad3-1.cdninstagram.com/v/t51.2885-15/503747835_18517730104021107_8248710944477136393_n.jpg?stp=dst-jpg_e35_tt6&efg=eyJ2ZW5jb2RlX3RhZyI6IkNBUk9VU0VMX0lURU0uaW1hZ2VfdXJsZ2VuLjE0NDB4MTc4OS5zZHIuZjc1NzYxLmRlZmF1bHRfaW1hZ2UifQ&_nc_ht=scontent-iad3-1.cdninstagram.com&_nc_cat=1&_nc_oc=Q6cZ2QF2b0VBGUn_j9HZ6t-KCpVuoiCg4Zq-tOJP8MI73VQgoPlRcVBV_iE-eOyarRzjEK9aP4077dOh1eMfoCBsf-Rv&_nc_ohc=8exz9vsJMuEQ7kNvwEfWoY5&_nc_gid=6A6RIBFKIoAWDrQuPW07uw&edm=ALQROFkBAAAA&ccb=7-5&ig_cache_key=MzY0NjgyNzE1MzQ4NDU0ODQ4NA%3D%3D.3-ccb7-5&oh=00_AfLttXbmQjjyePlKvqsqjVZcm8wbNy3uPB_FFnxl-1PBQA&oe=6845A509&_nc_sid=fc8dfb']",53427,Wednesday,5,1
https://www.instagram.com/chelseafc/p/DKNivOWsQtj/,2025-06-04 02:53:12,2025-05-28 21:02:18+00:00,EUROPEAN WINNERS!!! üèÜ,[],801000,23000,['https://scontent-iad3-2.cdninstagram.com/v/t51.2885-15/501461682_18516649954021107_8948717337007433318_n.jpg?stp=dst-jpg_e35_tt6&efg=eyJ2ZW5jb2RlX3RhZyI6IkZFRUQuaW1hZ2VfdXJsZ2VuLjE0NDB4MTc5Ni5zZHIuZjc1NzYxLmRlZmF1bHRfaW1hZ2UifQ&_nc_ht=scontent-iad3-2.cdninstagram.com&_nc_cat=103&_nc_oc=Q6cZ2QEYZJ0UKHSFy_F4Cc2arzvQDMPV0l0VAYkjTBynhx4LNevgu9OOwTSbaeOyRfbwzupe88Jw3RDAoP5MrX6ZIIrp&_nc_ohc=K75XXYpNd4sQ7kNvwEuI6xJ&_nc_gid=p_Wr-1mNx4oRlM77CjFl9w&edm=ALQROFkBAAAA&ccb=7-5&ig_cache_key=MzY0MjcyMDQ1MjQyMjQ3MDQ5OQ%3D%3D.3-ccb7-5&oh=00_AfLgXYx5ZL0cCVPJLqJNSaMIpvyji6rTKpYRRe-0yGb-4w&oe=6845D3FA&_nc_sid=fc8dfb'],824000,Wednesday,21,0
https://www.instagram.com/chelseafc/p/DKc6GcfsbJn/,2025-06-04 02:53:15,2025-06-03 20:15:04+00:00,Some stats from our @PremierLeague campaign. ‚úä,[],187000,587,"['https://scontent-iad3-1.cdninstagram.com/v/t51.2885-15/503855310_18517803430021107_8660881746907403874_n.jpg?stp=dst-jpg_e35_tt6&efg=eyJ2ZW5jb2RlX3RhZyI6IkNBUk9VU0VMX0lURU0uaW1hZ2VfdXJsZ2VuLjEwODB4MTM0Ni5zZHIuZjc1NzYxLmRlZmF1bHRfaW1hZ2UifQ&_nc_ht=scontent-iad3-1.cdninstagram.com&_nc_cat=1&_nc_oc=Q6cZ2QGEjQZaKedAhrKhyDWMVyQTZHDJTW_4D2hSCg7NJsLoecJ4PVwiMrjT-ov2foreKs2XckyT8laClckqDfBjL9ga&_nc_ohc=4WwKK-oeMfMQ7kNvwHp2LcF&_nc_gid=VxKBgx5uByFSWEiNokLYdA&edm=ALQROFkBAAAA&ccb=7-5&ig_cache_key=MzY0NzA0NTMxMjcyNDQ3NjkwNA%3D%3D.3-ccb7-5&oh=00_AfLMl-jv3ZPF8tBrez_266EwwWnUyPWTW0NJgfWNYA3msg&oe=6845AD1B&_nc_sid=fc8dfb', 'https://scontent-iad3-1.cdninstagram.com/v/t51.2885-15/503796011_18517803439021107_6697361494544146050_n.jpg?stp=dst-jpg_e35_tt6&efg=eyJ2ZW5jb2RlX3RhZyI6IkNBUk9VU0VMX0lURU0uaW1hZ2VfdXJsZ2VuLjEwODB4MTM0Ni5zZHIuZjc1NzYxLmRlZmF1bHRfaW1hZ2UifQ&_nc_ht=scontent-iad3-1.cdninstagram.com&_nc_cat=1&_nc_oc=Q6cZ2QGEjQZaKedAhrKhyDWMVyQTZHDJTW_4D2hSCg7NJsLoecJ4PVwiMrjT-ov2foreKs2XckyT8laClckqDfBjL9ga&_nc_ohc=taZUNyIoDI8Q7kNvwHoH-qt&_nc_gid=VxKBgx5uByFSWEiNokLYdA&edm=ALQROFkBAAAA&ccb=7-5&ig_cache_key=MzY0NzA0NTMxMjgyNTA5MTMzOA%3D%3D.3-ccb7-5&oh=00_AfL_ImlzepzdEjtFjdSv1TaLvAGsvudqkujymBw1P-odeA&oe=6845B415&_nc_sid=fc8dfb']",187587,Tuesday,20,0
https://www.instagram.com/chelseafc/p/DKNkyFps-t1/,2025-06-04 02:53:19,2025-05-28 21:20:11+00:00,CHELSEA CHAMPIONS.,[],496000,10000,['https://scontent-iad3-1.cdninstagram.com/v/t39.30808-6/501789552_1292922165528361_7672201222537860821_n.jpg?stp=dst-jpg_e35_tt6&efg=eyJ2ZW5jb2RlX3RhZyI6IkZFRUQuaW1hZ2VfdXJsZ2VuLjIwNDh4MTQ4My5zZHIuZjMwODA4LmRlZmF1bHRfaW1hZ2UifQ&_nc_ht=scontent-iad3-1.cdninstagram.com&_nc_cat=101&_nc_oc=Q6cZ2QEJ-o65kdBZphSScWpC_TAlifsxLWRL0LIMccDZrf2DZK19cxPo0SWWnnp6srL43P1dUQz6Zp6ciyTJ-6EFYEBZ&_nc_ohc=NNt2qg58CiMQ7kNvwF9KPKF&_nc_gid=BypJa3TlNUa557C8ntOIvQ&edm=ALQROFkAAAAA&ccb=7-5&ig_cache_key=MzY0MjcyOTQ0NTMyOTIwMjAzNw%3D%3D.3-ccb7-5&oh=00_AfKnarMBvZvTOlizMQyjHK2viSmiJbyRvMblVts5gpiJyg&oe=6845D4D0&_nc_sid=fc8dfb'],506000,Wednesday,21,0
https://www.instagram.com/chelseafc/p/DKWuvdhs_k-/,2025-06-04 02:53:23,2025-06-01 10:40:22+00:00,On board. ‚úàÔ∏è,[],161000,393,['https://scontent-iad3-2.cdninstagram.com/v/t51.2885-15/503294682_18517296430021107_3660293916262996405_n.jpg?stp=dst-jpg_e35_tt6&efg=eyJ2ZW5jb2RlX3RhZyI6IkZFRUQuaW1hZ2VfdXJsZ2VuLjE0NDB4MTc5Ni5zZHIuZjc1NzYxLmRlZmF1bHRfaW1hZ2UifQ&_nc_ht=scontent-iad3-2.cdninstagram.com&_nc_cat=103&_nc_oc=Q6cZ2QF1swBvYw8M691mdDKCe-HT6FTpQa6COpBYh1amFUvF_b8uSMFyLlV1IUyoo8em48ewY-eoZHqafl_RjKJe61b2&_nc_ohc=-98SFZtVZGQQ7kNvwGBWgHc&_nc_gid=XyFF86fsT_aIJwt2wnqw2g&edm=ALQROFkBAAAA&ccb=7-5&ig_cache_key=MzY0NTMwNjUyMDA2MTg2ODM1MA%3D%3D.3-ccb7-5&oh=00_AfICN6E3YfPLfhT1ESLZS8uZsWgJFx-PjHdpuOUTtSCFxA&oe=6845A6FB&_nc_sid=fc8dfb'],161393,Sunday,10,0
https://www.instagram.com/chelseafc/p/DKZKCDYMj1-/,2025-06-04 02:53:27,2025-06-02 09:17:19+00:00,Vote for your May Goal of the Month! üòç The full list and voting form is on the link on our Story! üì≤,[],246000,1276,"['https://scontent-iad3-1.cdninstagram.com/v/t51.2885-15/503385023_18517476181021107_400280107722294883_n.jpg?stp=dst-jpg_e35_tt6&efg=eyJ2ZW5jb2RlX3RhZyI6IkNBUk9VU0VMX0lURU0uaW1hZ2VfdXJsZ2VuLjEwODB4MTM0Ni5zZHIuZjc1NzYxLmRlZmF1bHRfaW1hZ2UifQ&_nc_ht=scontent-iad3-1.cdninstagram.com&_nc_cat=1&_nc_oc=Q6cZ2QEbWfoaRxb_6ewMVXPzOnD6C7ajrBIvO7X8TbedAHJBRLoMEu5JigUUrwEt6W3JW5Upy1isT2E20t9ujGQAQztj&_nc_ohc=E2GUPtkbinQQ7kNvwHJWvxN&_nc_gid=PsfRN7WXaaJVmEXTyro5xw&edm=ALQROFkBAAAA&ccb=7-5&ig_cache_key=MzY0NTk4OTQ3ODQyMjc0NDUzNg%3D%3D.3-ccb7-5&oh=00_AfJPtsnOHaO-PYrVp7fOZkRX9wLocCZb8R5z1U8Zbe1YxQ&oe=6845BD46&_nc_sid=fc8dfb', 'https://scontent-iad3-2.cdninstagram.com/v/t51.2885-15/503311190_18517476427021107_5799519583381103707_n.jpg?stp=dst-jpg_e15_tt6&efg=eyJ2ZW5jb2RlX3RhZyI6IkNBUk9VU0VMX0lURU0uaW1hZ2VfdXJsZ2VuLjcyMHg4OTcuc2RyLmY3NTc2MS5kZWZhdWx0X2NvdmVyX2ZyYW1lIn0&_nc_ht=scontent-iad3-2.cdninstagram.com&_nc_cat=103&_nc_oc=Q6cZ2QEbWfoaRxb_6ewMVXPzOnD6C7ajrBIvO7X8TbedAHJBRLoMEu5JigUUrwEt6W3JW5Upy1isT2E20t9ujGQAQztj&_nc_ohc=M0aitgAMnzwQ7kNvwF6PwOZ&_nc_gid=PsfRN7WXaaJVmEXTyro5xw&edm=ALQROFkBAAAA&ccb=7-5&ig_cache_key=MzY0NTk4ODQ3NDExMzIzMTAzNA%3D%3D.3-ccb7-5&oh=00_AfKI8MeNV7pmA8uNfk9fjwKOJdA4CCSbracLkzRYAEGDpw&oe=6845B636&_nc_sid=fc8dfb', 'blob:https://www.instagram.com/95c271b8-f16d-4124-b217-5f91b68f0212']",247276,Monday,9,0
https://www.instagram.com/chelseafc/p/DKWg4T3sObK/,2025-06-04 02:53:31,2025-06-01 08:39:14+00:00,Boss. üèÜ,[],96000,438,['https://scontent-iad3-1.cdninstagram.com/v/t51.2885-15/502933951_18517282543021107_8086673719044420385_n.jpg?stp=dst-jpg_e35_tt6&efg=eyJ2ZW5jb2RlX3RhZyI6IkZFRUQuaW1hZ2VfdXJsZ2VuLjE0NDB4MTE1Mi5zZHIuZjc1NzYxLmRlZmF1bHRfaW1hZ2UifQ&_nc_ht=scontent-iad3-1.cdninstagram.com&_nc_cat=1&_nc_oc=Q6cZ2QEPhEw2e7K7Nc3pPzzD3Xs0b5dGS0MNWnQcJNQyOPXmomlVmDYjwNDtbFo1dErtXxIzRSIYvlZcbaq5vmxCiWwa&_nc_ohc=yL1IxS-9HuoQ7kNvwHDJmTr&_nc_gid=R-usmubUAI4GX8FvT8Mv2w&edm=ALQROFkBAAAA&ccb=7-5&ig_cache_key=MzY0NTI0NTU1NTUxNzQ4MjY5OA%3D%3D.3-ccb7-5&oh=00_AfIFjkdV2ed9hLu7czOuapKkby4AFIQcr1DCGV4qzZlRYA&oe=6845D97A&_nc_sid=fc8dfb'],96438,Sunday,8,0
https://www.instagram.com/chelseafc/p/DKaGq_nMEcB/,2025-06-04 02:53:35,2025-06-02 18:07:11+00:00,"Chelsea FC is pleased to confirm the signing of Portuguese midfielder Dario Essugo. Welcome to Chelsea, Dario! üîµ",[],242000,2846,['https://scontent-iad3-1.cdninstagram.com/v/t51.2885-15/503319873_18517572955021107_1443020074769331143_n.jpg?stp=dst-jpg_e35_tt6&efg=eyJ2ZW5jb2RlX3RhZyI6IkZFRUQuaW1hZ2VfdXJsZ2VuLjEzNDd4MTY3OS5zZHIuZjc1NzYxLmRlZmF1bHRfaW1hZ2UifQ&_nc_ht=scontent-iad3-1.cdninstagram.com&_nc_cat=1&_nc_oc=Q6cZ2QGosCMICBYop1JLMSj3KY7zJIVjKaEaLqNucuWyk4LXgSslS76KoNflR1KcrnylMPAZfWNc9LVfqUA4EDOV_cLf&_nc_ohc=dTZ5LnOsY_gQ7kNvwEqpARa&_nc_gid=CsFWg1IKpUUOrk9tbJimcQ&edm=ALQROFkBAAAA&ccb=7-5&ig_cache_key=MzY0NjI1NjE5MTExMDEzNzYwMQ%3D%3D.3-ccb7-5&oh=00_AfLonmHScFfLAB71RpbQotuWIHwC9hx5Z4GK-qTdovoNPg&oe=6845D809&_nc_sid=fc8dfb'],244846,Monday,18,0
https://www.instagram.com/uzura_moz.uku/p/DJol-8IzOWU/,2025-06-04 02:55:25,2025-05-14 12:38:46+00:00,ü¶î„ÄåÔæéÔæûÔΩ∏„ÅÆÁôí„Åóü©∑„Äç üë©„Äå„ÅÜ„Åö„Çâ„Éº‚ô™„Åç„ÇÇ„Å°„Éº„Å≠‚ô™„Äç ü¶î„ÄåÔæéÔæûÔΩ∏„ÅØ‰ªä„ÄÅ„É™„Çæ„Éº„ÉàÊ∞óÂàÜ„Å†„Åã„Çâ„Ç∑„Éºü§´Èùô„Åã„Å´„Åó„Å¶ÔΩ∏ÔæÄÔæûÔΩªÔΩ≤„ÄÇ„Äç ‚Å°‚Å°‚Å°‚Å°#hedgehog#„Éè„É™„Çπ„Çø„Ç∞„É©„É† #africanpygmyhedgehog #cutehedgehog#hedgehogsofinstagram #hedgehogcommunity #hedgehogs#hedgehogmania #hedgehoglove #hedgehogdaily #„Ç®„Ç≠„Çæ„ÉÅ„ÉÉ„ÇØ„Ç¢„Éã„Éû„É´ #„ÅØ„Çä„Å≠ #„Éè„É™„Éç„Ç∫„Éü„ÅÆ„ÅÑ„ÇãÊöÆ„Çâ„Åó#love #pets#cuteanimals #„Åµ„Çè„ÇÇ„ÅìÈÉ® #erizo #smallanimal #lovelyanimals #ÈáùÈº† #hedgehoglovers #pygmyhedgehog#ü¶î#love,"['#hedgehog', '#„Éè„É™„Çπ„Çø„Ç∞„É©„É†', '#africanpygmyhedgehog', '#cutehedgehog', '#hedgehogsofinstagram', '#hedgehogcommunity', '#hedgehogs', '#hedgehogmania', '#hedgehoglove', '#hedgehogdaily', '#„Ç®„Ç≠„Çæ„ÉÅ„ÉÉ„ÇØ„Ç¢„Éã„Éû„É´', '#„ÅØ„Çä„Å≠', '#„Éè„É™„Éç„Ç∫„Éü„ÅÆ„ÅÑ„ÇãÊöÆ„Çâ„Åó', '#love', '#pets', '#cuteanimals', '#„Åµ„Çè„ÇÇ„ÅìÈÉ®', '#erizo', '#smallanimal', '#lovelyanimals', '#ÈáùÈº†', '#hedgehoglovers', '#pygmyhedgehog', '#love']",5661,25,"['https://scontent-iad3-2.cdninstagram.com/v/t51.2885-15/497434648_18074554105889147_5896465917237373351_n.jpg?stp=dst-jpg_e15_tt6&_nc_ht=scontent-iad3-2.cdninstagram.com&_nc_cat=111&_nc_oc=Q6cZ2QEcaN4p9ck-eMJVcJ5gnMKpx6An7giHP6lDpfpn1i36BWhQDmEyn9aCgrKKs7v12GsH4wN6DV6VvDOn98_yoVRU&_nc_ohc=T4h-YSKBjycQ7kNvwEwqL1K&_nc_gid=_B5ugAXHhQvpwsnh4kPx5A&edm=ANTKIIoBAAAA&ccb=7-5&oh=00_AfJUl25ApzNuy2SK31wVY52KYDq0vB6SyPPioxLRQoYPEg&oe=6845C2EF&_nc_sid=d885a2', 'https://scontent-iad3-2.cdninstagram.com/v/t51.2885-15/498515148_18074554141889147_3096370160755262090_n.jpg?stp=dst-jpg_e15_tt6&_nc_ht=scontent-iad3-2.cdninstagram.com&_nc_cat=111&_nc_oc=Q6cZ2QEcaN4p9ck-eMJVcJ5gnMKpx6An7giHP6lDpfpn1i36BWhQDmEyn9aCgrKKs7v12GsH4wN6DV6VvDOn98_yoVRU&_nc_ohc=d0xywBJ6fGQQ7kNvwFFK5Ot&_nc_gid=_B5ugAXHhQvpwsnh4kPx5A&edm=ANTKIIoBAAAA&ccb=7-5&oh=00_AfLI2sxD_sU5Qd9RTr-U97q-u9wKRhK8UJEF5xcNY5Lt1g&oe=6845A93B&_nc_sid=d885a2', 'blob:https://www.instagram.com/0245dce6-2585-4755-8691-067782778b34', 'blob:https://www.instagram.com/dd807642-a344-49d8-8326-ee2ca67ab04e']",5686,Wednesday,12,24
https://www.instagram.com/uzura_moz.uku/p/DJlwM0OySt0/,2025-06-04 02:55:37,2025-05-13 10:10:19+00:00,ü§úÈóò„ÅÜü§õ„ÅÜ„Åö„Çâ ü¶î„ÄåÔΩµÔæòÔΩ¨ÔΩßÔΩ∞ü§úÔºÅ„Äç üë©„Äå„Åù„Çå„ÅØ„ÄÅÊïµ„Åò„ÇÉ„Å™„ÅÑ„Çàüå∑„Äç ‚Å°‚Å°‚Å°‚Å°#hedgehog#„Éè„É™„Éç„Ç∫„Éü#„Éè„É™„Éç„Ç∫„ÉüÂàùÂøÉËÄÖ#„Éè„É™„Çπ„Çø„Ç∞„É©„É† #africanpygmyhedgehog #cutehedgehog#hedgehogsofinstagram #hedgehogcommunity #hedgehogs#hedgehogmania #hedgehoglove #hedgehogdaily #„Ç®„Ç≠„Çæ„ÉÅ„ÉÉ„ÇØ„Ç¢„Éã„Éû„É´ #„ÅØ„Çä„Å≠„Åö„Åø #pets#cuteanimals #„Åµ„Çè„ÇÇ„ÅìÈÉ® #erizo #smallanimal #lovelyanimals #ÈáùÈº† #hedgehoglovers #pygmyhedgehog#ü¶î#love,"['#hedgehog', '#„Éè„É™„Éç„Ç∫„Éü', '#„Éè„É™„Éç„Ç∫„ÉüÂàùÂøÉËÄÖ', '#„Éè„É™„Çπ„Çø„Ç∞„É©„É†', '#africanpygmyhedgehog', '#cutehedgehog', '#hedgehogsofinstagram', '#hedgehogcommunity', '#hedgehogs', '#hedgehogmania', '#hedgehoglove', '#hedgehogdaily', '#„Ç®„Ç≠„Çæ„ÉÅ„ÉÉ„ÇØ„Ç¢„Éã„Éû„É´', '#„ÅØ„Çä„Å≠„Åö„Åø', '#pets', '#cuteanimals', '#„Åµ„Çè„ÇÇ„ÅìÈÉ®', '#erizo', '#smallanimal', '#lovelyanimals', '#ÈáùÈº†', '#hedgehoglovers', '#pygmyhedgehog', '#love']",4830,23,"['https://scontent-iad3-2.cdninstagram.com/v/t51.2885-15/497360080_18074453635889147_7960560190190413247_n.jpg?stp=dst-jpg_e15_tt6&_nc_ht=scontent-iad3-2.cdninstagram.com&_nc_cat=111&_nc_oc=Q6cZ2QFhqU3Vai6fBrsXz5nOMks4d1UIH8j-OkPUJxGsASeCMzKBsfT0o3P3c7qkgc8UD-tVoNFFLLhGb_tZtuU2DtXz&_nc_ohc=P7J6Su7J0BYQ7kNvwHgRqqe&_nc_gid=qeduuFh_XYiZ4ZfCTU1UUQ&edm=ANTKIIoBAAAA&ccb=7-5&oh=00_AfI5TviutQvlRFGV54_9GgnIs0uKaIhhQGaIHjZ6-xXL0w&oe=6845CDF3&_nc_sid=d885a2', 'https://scontent-iad3-1.cdninstagram.com/v/t51.29350-15/498030431_1003692688496889_815979062028805721_n.heic?stp=dst-jpg_e35_s1080x1080_tt6&_nc_ht=scontent-iad3-1.cdninstagram.com&_nc_cat=109&_nc_oc=Q6cZ2QFhqU3Vai6fBrsXz5nOMks4d1UIH8j-OkPUJxGsASeCMzKBsfT0o3P3c7qkgc8UD-tVoNFFLLhGb_tZtuU2DtXz&_nc_ohc=drlasd29jTIQ7kNvwGPlEdP&_nc_gid=qeduuFh_XYiZ4ZfCTU1UUQ&edm=ANTKIIoBAAAA&ccb=7-5&oh=00_AfJtHJCTspXU2QcN5rP8i2AoZ8-DifMaG2WTA1ErK8Fmgg&oe=6845D7C0&_nc_sid=d885a2', 'blob:https://www.instagram.com/5dc335f0-c196-4b25-9740-d1f812cec6d8']",4853,Tuesday,10,24
https://www.instagram.com/uzura_moz.uku/p/DKRqLJ6y8Wj/,2025-06-04 02:55:49,2025-05-30 11:24:15+00:00,„äôÔ∏è„ÅÜ„Åö„Çâ„äôÔ∏è ü¶î„ÄåÔæéÔæûÔΩ∏„ÅØÁ´ãÊ¥æ„Å™„Ç™„Éà„Ç≥„Å´„Å™„Çä„Åæ„Åó„Åüüò§‚ú®„Äç‚ë£ ‚Å°‚Å°‚Å°‚Å°#hedgehog#„Éè„É™„Éç„Ç∫„Éü #„Éè„É™„Çπ„Çø„Ç∞„É©„É† #africanpygmyhedgehog #hedgehogcommunity#„Ç®„Ç≠„Çæ„ÉÅ„ÉÉ„ÇØ„Ç¢„Éã„Éû„É´ #„ÅØ„Çä„Å≠„Åö„Åø #love #petstagram #cuteanimals #„Åµ„Çè„ÇÇ„ÅìÈÉ® #erizo #smallanimal #lovelyanimals #funnyanimals#pygmyhedgehog,"['#hedgehog', '#„Éè„É™„Éç„Ç∫„Éü', '#„Éè„É™„Çπ„Çø„Ç∞„É©„É†', '#africanpygmyhedgehog', '#hedgehogcommunity', '#„Ç®„Ç≠„Çæ„ÉÅ„ÉÉ„ÇØ„Ç¢„Éã„Éû„É´', '#„ÅØ„Çä„Å≠„Åö„Åø', '#love', '#petstagram', '#cuteanimals', '#„Åµ„Çè„ÇÇ„ÅìÈÉ®', '#erizo', '#smallanimal', '#lovelyanimals', '#funnyanimals', '#pygmyhedgehog']",1719,23,"['https://scontent-iad3-2.cdninstagram.com/v/t51.2885-15/502091685_18076049530889147_8813683578271204112_n.jpg?stp=dst-jpg_e15_tt6&_nc_ht=scontent-iad3-2.cdninstagram.com&_nc_cat=111&_nc_oc=Q6cZ2QH-i_1QR4Qlne_WbbQhhtb_CW3W6dwXQVE3OIpKZFm-IDycZJHBmcgBOhWzWju5vn0w1JYP1Ad533u5G9QjQHnz&_nc_ohc=By-RWGWHHScQ7kNvwEeHlBw&_nc_gid=WAr2QkNPQvAI2jX7OHkfXw&edm=ANTKIIoBAAAA&ccb=7-5&oh=00_AfLwsHo58TFANUn6MibolEq2EMtw8xNlN-frqPKArba-Bg&oe=6845CA21&_nc_sid=d885a2', 'https://scontent-iad3-2.cdninstagram.com/v/t51.2885-15/502881775_18076049503889147_8768103591149319068_n.jpg?stp=dst-jpg_e15_tt6&_nc_ht=scontent-iad3-2.cdninstagram.com&_nc_cat=111&_nc_oc=Q6cZ2QH-i_1QR4Qlne_WbbQhhtb_CW3W6dwXQVE3OIpKZFm-IDycZJHBmcgBOhWzWju5vn0w1JYP1Ad533u5G9QjQHnz&_nc_ohc=6jl2J3K5LAYQ7kNvwHaZzzw&_nc_gid=WAr2QkNPQvAI2jX7OHkfXw&edm=ANTKIIoBAAAA&ccb=7-5&oh=00_AfKDOB6OfyEL1dbGQBNV7xk80l1HyKasmcBCtdMbghnK9w&oe=6845DB75&_nc_sid=d885a2', 'blob:https://www.instagram.com/a908c0fb-ae21-4124-b298-9bb733a56f25', 'blob:https://www.instagram.com/ace339c8-f8ab-4673-b31a-34c4c4068c80']",1742,Friday,11,16
https://www.instagram.com/uzura_moz.uku/p/DKF7px4T2CZ/,2025-06-04 02:56:02,2025-05-25 22:06:06+00:00,ü¶î„Äå„Åä„ÅØ„Çà„Éºü§öüíì„Äç üë©„Äå„ÅÜ„Åö„Çâ„Éºüíìüíìüíì„Äç ‚Å°‚Å°‚Å°‚Å°#hedgehog#„Éè„É™„Éç„Ç∫„Éü#„Éè„É™„Çπ„Çø„Ç∞„É©„É† #africanpygmyhedgehog #cutehedgehog#hedgehogsofinstagram #hedgehogcommunity #hedgehogs #hedgehoglove #hedgehogdaily #„Ç®„Ç≠„Çæ„ÉÅ„ÉÉ„ÇØ„Ç¢„Éã„Éû„É´ #„ÅØ„Çä„Å≠„Åö„Åø#„Éè„É™„Éç„Ç∫„Éü„ÅÆ„ÅÑ„ÇãÊöÆ„Çâ„Åó #pets#cuteanimals #„Åµ„Çè„ÇÇ„ÅìÈÉ® #erizo #smallanimal #lovelyanimals ##hedgehogmom #hedgehogpet #hedgehoglovers #pygmyhedgehog#ü¶î#love,"['#hedgehog', '#„Éè„É™„Éç„Ç∫„Éü', '#„Éè„É™„Çπ„Çø„Ç∞„É©„É†', '#africanpygmyhedgehog', '#cutehedgehog', '#hedgehogsofinstagram', '#hedgehogcommunity', '#hedgehogs', '#hedgehoglove', '#hedgehogdaily', '#„Ç®„Ç≠„Çæ„ÉÅ„ÉÉ„ÇØ„Ç¢„Éã„Éû„É´', '#„ÅØ„Çä„Å≠„Åö„Åø', '#„Éè„É™„Éç„Ç∫„Éü„ÅÆ„ÅÑ„ÇãÊöÆ„Çâ„Åó', '#pets', '#cuteanimals', '#„Åµ„Çè„ÇÇ„ÅìÈÉ®', '#erizo', '#smallanimal', '#lovelyanimals', '#hedgehogmom', '#hedgehogpet', '#hedgehoglovers', '#pygmyhedgehog', '#love']",1271,17,"['https://scontent-iad3-1.cdninstagram.com/v/t51.29350-15/500800799_2031590580702787_6723312058376124823_n.heic?stp=dst-jpg_e35_p1080x1080_tt6&_nc_ht=scontent-iad3-1.cdninstagram.com&_nc_cat=107&_nc_oc=Q6cZ2QGgb5DnBoYcogQ-0qgqAWwbQUBKcHDQTPILMhgVC790-l3AtLxaV4loBqk1gSlUElTIa80MjIw2V_pMrxr5Mi4l&_nc_ohc=ZK_-e6omyucQ7kNvwFE7t1o&_nc_gid=_H_XIeik-KofzUSg7oQqcg&edm=ANTKIIoBAAAA&ccb=7-5&oh=00_AfIElc2gHtWXzL-tEMVRnD-nDp8DXj2Js_yctijMM1eAiA&oe=6845C417&_nc_sid=d885a2', 'https://scontent-iad3-1.cdninstagram.com/v/t51.29350-15/501161618_1725858284684390_2359518545650218849_n.heic?stp=dst-jpg_e35_p1080x1080_tt6&_nc_ht=scontent-iad3-1.cdninstagram.com&_nc_cat=102&_nc_oc=Q6cZ2QGgb5DnBoYcogQ-0qgqAWwbQUBKcHDQTPILMhgVC790-l3AtLxaV4loBqk1gSlUElTIa80MjIw2V_pMrxr5Mi4l&_nc_ohc=_nM9KgfyjtgQ7kNvwGq1Ja_&_nc_gid=_H_XIeik-KofzUSg7oQqcg&edm=ANTKIIoBAAAA&ccb=7-5&oh=00_AfJnBSs_oW6-Nf-W1i8y3utASAVjPjnDUUnz7Bfhtjoh8A&oe=6845ABA6&_nc_sid=d885a2']",1288,Sunday,22,24
https://www.instagram.com/uzura_moz.uku/p/DJ1VEkEy0Jb/,2025-06-04 02:56:14,2025-05-19 11:21:07+00:00,ü¶î„ÄåÂºï„Å£Âºµ„ÇãÔºÅü¶∑ÔºÅ„Äç üë©„Äå„Åù„Çå„ÄÅü¶∑„Å´Êåü„Åæ„Å£„Åü„ÇìÔºüÊ≠ØÊäú„Åë„Åù„ÅÜ„Å†„Åã„Çâ„ÇÑ„ÇÅ„Å¶ü´†„Äç „ÅÜ„Åö„Çâ„Å®Áôí„Åó„ÅÆÊôÇÈñì‚òòÔ∏è ‚Å°‚Å°‚Å°‚Å°#hedgeho#„Éè„É™„Çπ„Çø„Ç∞„É©„É† #africanpygmyhedgehog #cutehedgehog#hedgehogsofinstagram #hedgehogcommunity #hedgehogs #hedgehoglove #hedgehogdaily #„Ç®„Ç≠„Çæ„ÉÅ„ÉÉ„ÇØ„Ç¢„Éã„Éû„É´ #„ÅØ„Çä„Å≠„Åö„Åø #pets#cuteanimals #„Åµ„Çè„ÇÇ„ÅìÈÉ® #erizo #smallanimal #lovelyanimals #ÈáùÈº† #funnyanimals #hedgehogmom #hedgehogpet #hedgehoglovers #pygmyhedgehog#ü¶î#love,"['#hedgeho', '#„Éè„É™„Çπ„Çø„Ç∞„É©„É†', '#africanpygmyhedgehog', '#cutehedgehog', '#hedgehogsofinstagram', '#hedgehogcommunity', '#hedgehogs', '#hedgehoglove', '#hedgehogdaily', '#„Ç®„Ç≠„Çæ„ÉÅ„ÉÉ„ÇØ„Ç¢„Éã„Éû„É´', '#„ÅØ„Çä„Å≠„Åö„Åø', '#pets', '#cuteanimals', '#„Åµ„Çè„ÇÇ„ÅìÈÉ®', '#erizo', '#smallanimal', '#lovelyanimals', '#ÈáùÈº†', '#funnyanimals', '#hedgehogmom', '#hedgehogpet', '#hedgehoglovers', '#pygmyhedgehog', '#love']",1495,15,"['https://scontent-iad3-2.cdninstagram.com/v/t51.2885-15/499539721_18075012286889147_8652731783596976484_n.jpg?stp=dst-jpg_e15_tt6&_nc_ht=scontent-iad3-2.cdninstagram.com&_nc_cat=111&_nc_oc=Q6cZ2QE9WC9PTAonIiU3nMC5SRmbGRFGHGLJYx1m6JkmcfcF73gNYGIF1RWcnoFI2JvumEQmss0h1XtP4UFFUfwQs0qP&_nc_ohc=AHemkEmzZlYQ7kNvwHrXMoD&_nc_gid=nLsEDySJJ2Jygw_-CdkaAw&edm=ANTKIIoBAAAA&ccb=7-5&oh=00_AfLGsWzPdRMsO6Pk7XKfvDlNTc9YnoEoU4H60pUFU5tBnQ&oe=6845B3F8&_nc_sid=d885a2', 'https://scontent-iad3-2.cdninstagram.com/v/t51.2885-15/499488620_18075012298889147_6401649682039690428_n.jpg?stp=dst-jpg_e15_tt6&_nc_ht=scontent-iad3-2.cdninstagram.com&_nc_cat=111&_nc_oc=Q6cZ2QE9WC9PTAonIiU3nMC5SRmbGRFGHGLJYx1m6JkmcfcF73gNYGIF1RWcnoFI2JvumEQmss0h1XtP4UFFUfwQs0qP&_nc_ohc=Sn9kp_3ciLkQ7kNvwHXbNf7&_nc_gid=nLsEDySJJ2Jygw_-CdkaAw&edm=ANTKIIoBAAAA&ccb=7-5&oh=00_AfJtlvSmSfkoZ695BUdqQRSdqkLaX5gJ-etljhM0tXLy4Q&oe=6845D915&_nc_sid=d885a2', 'https://scontent-hel3-1.cdninstagram.com/v/t51.2885-19/44884218_345707102882519_2446069589734326272_n.jpg?_nc_ht=scontent-hel3-1.cdninstagram.com&_nc_cat=1&_nc_oc=Q6cZ2QHz6dF6buriSwFLo2QWKamyXdySbX2DKEg7fKBKHsqIjnwdsojuSoeuiidhhz8Ta7kuTxtoyp4Pn6B5-3x2f701&_nc_ohc=hoJAO9OLAJkQ7kNvwHmHvA8&edm=AAAAAAABAAAA&ccb=7-5&ig_cache_key=YW5vbnltb3VzX3Byb2ZpbGVfcGlj.3-ccb7-5&oh=00_AfITUPSrh5JrQuc0gbm_k4jGvPxLWdOVQVBUosfP_oFd6A&oe=6845D30F&_nc_sid=328259', 'blob:https://www.instagram.com/1c354384-a04a-4581-a455-2b6a3969631a', 'blob:https://www.instagram.com/4931be2c-6edc-4890-ac08-515643ac5cd3']",1510,Monday,11,24
